url,page_title,sub_title,introduction,summary_box,content,accordion
https://www.mobiliar.ch,Versicherungen & Vorsorge,,,,,
https://www.mobiliar.ch/versicherungen-und-vorsorge/wohnen-und-eigentum,Wohnen & Eigentum,,,,,
https://www.mobiliar.ch/versicherungen-und-vorsorge/wohnen-und-eigentum/ratgeber,Ratgeber,,,,,
https://www.mobiliar.ch/versicherungen-und-vorsorge/fahrzeuge-und-reisen,Fahrzeuge & Reisen,,,,,
https://www.mobiliar.ch/versicherungen-und-vorsorge/generalagenturen,,,,,,
https://www.mobiliar.ch/hub/wohnen,,,,,,
https://www.mobiliar.ch/versicherungen-und-vorsorge/angebote-fuer-unternehmen/ratgeber,Ratgeber,,,,,
https://www.mobiliar.ch/die-mobiliar/ueber-uns,Über uns,,,,,
https://www.mobiliar.ch/versicherungen-und-vorsorge/angebote-fuer-unternehmen/fahrzeuge-und-transport,Fahrzeuge und Transport,,,,,
https://www.mobiliar.ch/versicherungen-und-vorsorge/angebote-fuer-unternehmen,Angebote für Unternehmen,,,,,
https://www.mobiliar.ch/versicherungen-und-vorsorge/vorsorge-und-gesundheit,Vorsorge & Gesundheit,,,,,
https://www.mobiliar.ch/versicherungen-und-vorsorge/fahrzeuge-und-reisen/ratgeber,Ratgeber,,,,,
https://www.mobiliar.ch/versicherungen-und-vorsorge/angebote-fuer-unternehmen/bewegliche-sachen,Bewegliche Sachen,,,,,
https://www.mobiliar.ch/versicherungen-und-vorsorge/fahrzeuge-und-reisen/wasserfahrzeugversicherung/beratungsanfrage-schiff-und-boot-versicherung,Beratungsanfrage Schiff- und Boot-Versicherung,,,,,
https://my.mobiliar.ch/portal-rwc/?language=de,,,,,,
https://www.mobiliar.ch/versicherungen-und-vorsorge/fahrzeuge-und-reisen/oldtimerversicherung/beratungsanfrage-oldtimerversicherung,Beratungsanfrage Oldtimerversicherung,,,,,
https://www.mobiliar.ch/datenschutz-und-sicherheit-bei-der-mobiliar,Datenschutz und -sicherheit bei der Mobiliar,,,,,
https://cst.apps.mobiliar.ch/,,,,,,
https://secure.mobiliar.ch/praemienrechner/car-moto-init?language=de,,,,,,
https://www.mobiliar.ch/versicherungen-und-vorsorge/angebote-fuer-unternehmen/bewegliche-sachen/waren-und-einrichtung/beratungsanfrage,Beratungsanfrage,,,,,
https://secure.mobiliar.ch/vvn-anliegen/gruene-karte?language=de,,,,,,
https://www.mobiliar.ch/versicherungen-und-vorsorge/angebote-fuer-unternehmen/loesungen-fuer-international-taetige-unternehmen/beratungsanfrage-internationale-unternehmen,Beratungsanfrage internationale Unternehmen,,,,,
https://www.mobiliar.ch/versicherungen-und-vorsorge/angebote-fuer-unternehmen/ihre-fachrichtung/landwirtschaft/die-wetterversicherung-fuer-landwirtschaftsbetriebe/beratungsanfrage,Beratungsanfrage,,,,,
https://secure.mobiliar.ch/vvn-anliegen/unfall-protokoll,,,,,,
https://www.mobiliar.ch/versicherungen-und-vorsorge/angebote-fuer-unternehmen/ihre-fachrichtung/landwirtschaft/die-wetterversicherung-fuer-landwirtschaftsbetriebe/schadenmeldung-wetterversicherung,Schadenmeldung Wetterversicherung,,,,,
https://secure.mobiliar.ch/vvn-anliegen/gruene-karte,,,,,,
https://www.mobiliar.ch/versicherungen-und-vorsorge/vorsorge-und-gesundheit/unsere-vorsorgeprodukte/vorausschauende-sparversicherung/beratungsanfrage-vorausschauende-sparversicherung,Beratungsanfrage Vorausschauende Sparversicherung,,,,,
https://www.mobiliar.ch/versicherungen-und-vorsorge/angebote-fuer-unternehmen/bau-und-gebaeude/bauversicherung/beratungsanfrage,Beratungsanfrage,,,,,
https://vorsorge.mobiliar.ch/de/vs-grundlagen,,,,,,
https://www.mobiliar.ch/versicherungen-und-vorsorge/angebote-fuer-unternehmen/services-fuer-unternehmen,Services für Unternehmen,,,,,
https://b2cidp.mobiliar.ch/b2c-login-registration/registration,,,,,,
https://www.mobiliar.ch/versicherungen-und-vorsorge/angebote-fuer-unternehmen/berufliche-vorsorge/kontakt-und-beratung/marcos-conde,Marcos Conde,,,,,
https://www.mobiliar.ch/versicherungen-und-vorsorge/angebote-fuer-unternehmen/berufliche-vorsorge/kontakt-und-beratung/albert-wildi,Albert Wildi,,,,,
https://www.mobiliar.ch/versicherungen-und-vorsorge/angebote-fuer-unternehmen/services-fuer-unternehmen/kurzbeurteilung-ihrer-cyber-sicherheit/cyber-kurzbeurteilung,Cyber-Kurzbeurteilung,,,,,
https://www.mobiliar.ch/versicherungen-und-vorsorge/angebote-fuer-unternehmen/berufliche-vorsorge/loesungen-fuer-unternehmen,Lösungen für Unternehmen,,,,,
https://www.mobiliar.ch/versicherungen-und-vorsorge/angebote-fuer-unternehmen/berufliche-vorsorge/kontakt-und-beratung/valery-gumy,Valéry Gumy,,,,,
https://carcheck.mobiliar.ch/,,,,,,
https://secure.mobiliar.ch/simulation-mxs/index.html?lang=de,,,,,,
https://www.mobiliar.ch/versicherungen-und-vorsorge/angebote-fuer-unternehmen/berufliche-vorsorge/kontakt-und-beratung/stephan-jaeggi,Stephan Jaeggi,,,,,
https://www.mobiliar.ch/versicherungen-und-vorsorge/angebote-fuer-unternehmen/berufliche-vorsorge/kontakt-und-beratung/alban-pllana,Alban Pllana,,,,,
https://www.mobiliar.ch/news,News,,,,,
https://www.mobiliar.ch/sites/default/files/valery-gumy.vcf,,,,,,
https://www.mobiliar.ch/sites/default/files/albert_wildi_-_schweizerische_mobiliar_lebensversicherungs-gesellschaft_ag_0.vcf,,,,,,
https://www.mobiliar.ch/versicherungen-und-vorsorge/angebote-fuer-unternehmen/berufliche-vorsorge/newsletter-berufliche-vorsorge/newsletter-berufliche-vorsorge,Newsletter Berufliche Vorsorge,,,,,
https://www.mobiliar.ch/versicherungen-und-vorsorge/angebote-fuer-junge-bis-26-jahre/vorsorge-und-gesundheit/heute-fuer-morgen-sorgen/beratungsanfrage-vorsorgeloesung,Beratungsanfrage Vorsorgelösung,,,,,
https://www.mobiliar.ch/versicherungen-und-vorsorge/angebote-fuer-unternehmen/berufliche-vorsorge/kontakt-und-beratung/hans-gloor,Hans Gloor,,,,,
https://www.mobiliar.ch/versicherungen-und-vorsorge/angebote-fuer-unternehmen/berufliche-vorsorge/kontakt-und-beratung/peter-frey,Hakan Parlak,,,,,
https://www.mobiliar.ch/versicherungen-und-vorsorge/angebote-fuer-unternehmen/unfall-und-krankheit/obligatorische-unfallversicherung-gemaess-uvg/abredeversicherung/neuabschluss-abredeversicherung,Neuabschluss Abredeversicherung,,,,,
https://vorsorge.mobiliar.ch/de/vs-kontakt,,,,,,
https://www.mobiliar.ch/versicherungen-und-vorsorge/angebote-fuer-unternehmen/kontakt-und-beratung?product=erdbeben&mitteilung=eine%20Erdbebenversicherung,Kontakt und Beratung,,,,,
https://www.mobiliar.ch/versicherungen-und-vorsorge/angebote-fuer-unternehmen/unfall-und-krankheit/obligatorische-unfallversicherung-gemaess-uvg/abredeversicherung/verlaengerung-abredeversicherung,Verlängerung Abredeversicherung,,,,,
https://b2cidp.mobiliar.ch/b2c-login-registration/registration?language=de,,,,,,
https://www.mobiliar.ch/versicherungen-und-vorsorge/angebote-fuer-unternehmen/unfall-und-krankheit/ergaenzende-dienstleistungen/betriebliches-gesundheitsmanagement/mara-dessauer,Mara Dessauer,,,,,
https://www.mobiliar.ch/versicherungen-und-vorsorge/angebote-fuer-unternehmen/unfall-und-krankheit/ergaenzende-dienstleistungen/betriebliches-gesundheitsmanagement/camille-sperisen,Camille Sperisen ,,,,,
https://www.mobiliar.ch/versicherungen-und-vorsorge/angebote-fuer-unternehmen/unfall-und-krankheit/ergaenzende-dienstleistungen/betriebliches-gesundheitsmanagement/remo-rueegger,Remo Rüegger ,,,,,
https://www.mobiliar.ch/versicherungen-und-vorsorge/angebote-fuer-junge-bis-26-jahre/vorsorge-und-gesundheit/planen-sie-ihre-zukunft-mit-einer-dritten-saeule-bei-der-mobiliar/beratungsanfrage,Beratungsanfrage,,,,,
https://www.mobiliar.ch/sites/default/files/peter_frey_-_schweizerische_mobiliar_lebensversicherungs-gesellschaft_ag.vcf,,,,,,
https://www.mobiliar.ch/sites/default/files/hans_gloor.vcf,,,,,,
https://my.mobiliar.ch/portal-rwc/registration?lang=de,,,,,,
https://www.mobiliar.ch/versicherungen-und-vorsorge/generalagenturen/ausserrhoden,,,,,,
https://www.mobiliar.ch/die-mobiliar/medien/medienanfragen/juerg-thalmann,Jürg Thalmann,,,,,
https://www.mobiliar.ch/versicherungen-und-vorsorge/angebote-fuer-unternehmen/unfall-und-krankheit/ergaenzende-dienstleistungen/betriebliches-gesundheitsmanagement/bianca-della-giacoma,Bianca Della Giacoma ,,,,,
https://www.mobiliar.ch/versicherungen-und-vorsorge/angebote-fuer-unternehmen/unfall-und-krankheit/ergaenzende-dienstleistungen/betriebliches-gesundheitsmanagement/tamara-ott,Tamara Ott ,,,,,
https://www.mobiliar.ch/versicherungen-und-vorsorge/angebote-fuer-unternehmen/unfall-und-krankheit/ergaenzende-dienstleistungen/betriebliches-gesundheitsmanagement/lucienne-dauwalder,Lucienne Dauwalder ,,,,,
https://www.mobiliar.ch/versicherungen-und-vorsorge/angebote-fuer-unternehmen/unfall-und-krankheit/ergaenzende-dienstleistungen/betriebliches-gesundheitsmanagement/rebecca-bannwart,Rebecca Bannwart ,,,,,
https://www.mobiliar.ch/versicherungen-und-vorsorge/angebote-fuer-unternehmen/unfall-und-krankheit/ergaenzende-dienstleistungen/betriebliches-gesundheitsmanagement/mario-cotichini,Mario Cotichini ,,,,,
https://www.mobiliar.ch/versicherungen-und-vorsorge/angebote-fuer-unternehmen/unfall-und-krankheit/ergaenzende-dienstleistungen/betriebliches-gesundheitsmanagement/andrea-aldous,Andrea Aldous,,,,,
https://secure.mobiliar.ch/b2c-useraccount/ticket-shop?language=de,,,,,,
https://www.mobiliar.ch/die-mobiliar/nachhaltigkeit-engagement/das-gesellschaftsengagement-der-mobiliar/praevention-und-natur/praeventionsmassnahmen-schuetzen-mensch-und-objekte/check-hochwasserschutz,Check «Hochwasserschutz»,,,,,
https://www.mobiliar.ch/versicherungen-und-vorsorge/generalagenturen/ausserrhoden/michael-bless,Michael Bless,,,,,
https://www.mobiliar.ch/versicherungen-und-vorsorge/generalagenturen/ausserrhoden/sepp-enzler,Sepp Enzler,,,,,
https://www.mobiliar.ch/versicherungen-und-vorsorge/generalagenturen/ausserrhoden/patrick-doerig,Patrick Dörig,,,,,
https://www.mobiliar.ch/versicherungen-und-vorsorge/generalagenturen/ausserrhoden/reto-schlaepfer,Reto Schläpfer,,,,,
https://www.mobiliar.ch/versicherungen-und-vorsorge/generalagenturen/ausserrhoden/lars-egger,Lars Egger,,,,,
https://www.mobiliar.ch/versicherungen-und-vorsorge/generalagenturen/ausserrhoden/anna-rohner,Anna Rohner,,,,,
https://www.mobiliar.ch/versicherungen-und-vorsorge/generalagenturen/ausserrhoden/ivan-sachsenmaier,Ivan Sachsenmaier,,,,,
https://www.mobiliar.ch/versicherungen-und-vorsorge/generalagenturen/ausserrhoden/andreas-faessler,Andreas Fässler,,,,,
https://www.mobiliar.ch/versicherungen-und-vorsorge/generalagenturen/ausserrhoden/thomas-hengartner,Thomas Hengartner,,,,,
https://www.mobiliar.ch/die-mobiliar/ueber-uns/unternehmen-der-gruppe-mobiliar/schweizerische-mobiliar-asset-management-ag/wissenswertes,Wissenswertes,,,,,
https://www.mobiliar.ch/versicherungen-und-vorsorge/generalagenturen/ausserrhoden/martina-gaehler,Martina Gähler,,,,,
https://www.mobiliar.ch/die-mobiliar/nachhaltigkeit-engagement/das-gesellschaftsengagement-der-mobiliar/praevention-und-natur/buttisholz-hochwasserschutz,Buttisholz: Hochwasserschutz,,,,,
https://www.mobiliar.ch/versicherungen-und-vorsorge/generalagenturen/ausserrhoden/burak-bas,Burak Bas,,,,,
https://www.mobiliar.ch/versicherungen-und-vorsorge/generalagenturen/ausserrhoden/nadine-stuedli,Nadine Stüdli ,,,,,
https://www.mobiliar.ch/versicherungen-und-vorsorge/generalagenturen/ausserrhoden/doris-preisig,Doris Preisig,,,,,
https://www.mobiliar.ch/versicherungen-und-vorsorge/generalagenturen/ausserrhoden/marina-haag,Marina Haag,,,,,
https://www.mobiliar.ch/versicherungen-und-vorsorge/generalagenturen/ausserrhoden/firat-cakmak,Firat Cakmak,,,,,
https://www.mobiliar.ch/versicherungen-und-vorsorge/generalagenturen/ausserrhoden/vivienne-gantenbein,Vivienne Gantenbein,,,,,
https://www.mobiliar.ch/versicherungen-und-vorsorge/generalagenturen/ausserrhoden/sara-stojanovic,Sara Stojanovic,,,,,
https://www.mobiliar.ch/versicherungen-und-vorsorge/generalagenturen/ausserrhoden/laurin-rusterholz,Laurin Rusterholz,,,,,
https://www.mobiliar.ch/die-mobiliar/ueber-uns/geschaeftsbericht-2019,Geschäftsbericht 2019,,,,,
https://www.mobiliar.ch/die-mobiliar/ueber-uns/geschaeftsbericht-2019/corporate-governance,Corporate Governance,,,,,
https://www.mobiliar.ch/die-mobiliar/ueber-uns/geschaeftsbericht-2019/genossenschaft,Genossenschaft,,,,,
https://www.mobiliar.ch/die-mobiliar/ueber-uns/geschaeftsbericht-2019/nachhaltigkeitsbericht,Nachhaltigkeitsbericht,,,,,
https://www.mobiliar.ch/die-mobiliar/ueber-uns/geschaeftsbericht-2019/kennzahlen/kennzahlen-gruppe,Kennzahlen Gruppe,,,,,
https://www.mobiliar.ch/die-mobiliar/nachhaltigkeit-engagement/das-gesellschaftsengagement-der-mobiliar/wirtschaft-und-arbeit/innovationsplattform-mobiliar-forum-in-thun-lausanne-und-digital/mobiliar-forum-thun,Mobiliar Forum Thun,,,,,
https://www.mobiliar.ch/die-mobiliar/ueber-uns/geschaeftsbericht-2019/kennzahlen,Kennzahlen,,,,,
https://www.mobiliar.ch/die-mobiliar/ueber-uns/geschaeftsbericht-2019/gruppe-mobiliar,Gruppe Mobiliar,,,,,
https://www.mobiliar.ch/die-mobiliar/ueber-uns/sponsoring-und-events/kultur-und-gesellschaft,Unterhaltung & Kultur ,,,,,
https://www.mobiliar.ch/die-mobiliar/ueber-uns/geschaeftsbericht-2019/gruppe-mobiliar/strategie-und-ziele,Strategie und Ziele,,,,,
https://www.mobiliar.ch/die-mobiliar/ueber-uns/geschaeftsbericht-2019/nachhaltigkeitsbericht/praxisbeispiele,Praxisbeispiele,,,,,
https://www.mobiliar.ch/die-mobiliar/ueber-uns/unternehmensportraet/organisation/geschaeftsleitung/michele-rodoni,Michèle Rodoni,,,,,
https://www.mobiliar.ch/die-mobiliar/ueber-uns/unternehmensportraet/organisation/geschaeftsleitung/barbara-agoba,Barbara Agoba,,,,,
https://www.mobiliar.ch/die-mobiliar/ueber-uns/unternehmensportraet/organisation/geschaeftsleitung/patric-deflorin,Patric Deflorin,,,,,
https://www.mobiliar.ch/die-mobiliar/medien/medienmitteilungen/die-mobiliar-setzt-den-wachstumskurs-fort-und-weist-trotz-hoher-schadenbelastung-aufgrund-der-covid-19-pandemie-ein-sehr-gutes-ergebnis-aus,Die Mobiliar setzt den Wachstumskurs fort und weist trotz hoher Schadenbelastung aufgrund der Covid-19-Pandemie ein sehr gutes Ergebnis aus,,,,,
https://www.mobiliar.ch/die-mobiliar/ueber-uns/unternehmensportraet/organisation/verwaltungsrat-der-holding-ag/stefan-maeder,Stefan Mäder,,,,,
https://www.mobiliar.ch/die-mobiliar/ueber-uns/unternehmensportraet/organisation/geschaeftsleitung/peter-brawand,Peter Brawand,,,,,
https://www.mobiliar.ch/die-mobiliar/ueber-uns/unternehmensportraet/organisation/verwaltungsrat-der-holding-ag/irene-kaufmann,Irene Kaufmann,,,,,
https://www.mobiliar.ch/die-mobiliar/ueber-uns/unternehmensportraet/organisation/geschaeftsleitung/thomas-trachsler,Thomas Trachsler,,,,,
https://www.mobiliar.ch/die-mobiliar/ueber-uns/unternehmensportraet/organisation/verwaltungsrat-der-holding-ag/elgar-fleisch,Elgar Fleisch,,,,,
https://www.mobiliar.ch/die-mobiliar/ueber-uns/unternehmensportraet/organisation/verwaltungsrat-der-holding-ag/bruno-dallo,Bruno Dallo,,,,,
https://www.mobiliar.ch/die-mobiliar/ueber-uns/unternehmensportraet/organisation/verwaltungsrat-der-holding-ag/yvonne-lang-ketterer,Yvonne Lang Ketterer,,,,,
https://www.mobiliar.ch/die-mobiliar/ueber-uns/unternehmensportraet/organisation/verwaltungsrat-der-holding-ag/barbara-rigassi,Barbara Rigassi,,,,,
https://www.mobiliar.ch/die-mobiliar/ueber-uns/unternehmensportraet/organisation/geschaeftsleitung/andrea-kleiner,Andrea Kleiner,,,,,
https://www.mobiliar.ch/die-mobiliar/ueber-uns/unternehmensportraet/organisation/geschaeftsleitung/thomas-bossart,Thomas Bossart,,,,,
https://www.mobiliar.ch/die-mobiliar/ueber-uns/unternehmensportraet/organisation/verwaltungsrat-der-holding-ag/nicola-thibaudeau,Nicola Thibaudeau,,,,,
https://www.mobiliar.ch/die-mobiliar/ueber-uns/unternehmensportraet/organisation/geschaeftsleitung/renato-premezzi,Renato Premezzi,,,,,
https://www.mobiliar.ch/die-mobiliar/ueber-uns/unternehmensportraet/organisation/verwaltungsrat-der-holding-ag/heinz-herren,Heinz Herren,,,,,
https://www.mobiliar.ch/die-mobiliar/ueber-uns/unternehmensportraet/organisation/verwaltungsrat-der-holding-ag/tobias-pfeiffe,Tobias Pfeiffer,,,,,
https://www.mobiliar.ch/die-mobiliar/ueber-uns/unternehmensportraet/organisation/organigramme,Organigramme,,,,,
https://www.mobiliar.ch/die-mobiliar/medien/medienmitteilungen/die-mobiliar-setzt-den-wachstumskurs-fort-und-weist-trotz-hoher-schadenbelastung-aufgrund-der-covid-19-pandemie-ein-sehr-gutes-ergebnis-aus/galerie-geschaeftsbericht,Galerie: Geschäftsbericht,,,,,
https://www.mobiliar.ch/versicherungen-und-vorsorge/generalagenturen/ausserrhoden/nikola-vrhovac,Nikola Vrhovac,,,,,
https://www.mobiliar.ch/die-mobiliar/nachhaltigkeit-engagement/das-gesellschaftsengagement-der-mobiliar/praevention-und-natur/ebersecken-hochwasserschutz,Ebersecken: Hochwasserschutz ,,,,,
https://www.mobiliar.ch/versicherungen-und-vorsorge/generalagenturen/ausserrhoden/helga-kuenzli,Helga Künzli,,,,,
https://www.mobiliar.ch/versicherungen-und-vorsorge/generalagenturen/ausserrhoden/julia-renggli,Julia Renggli,,,,,
https://www.mobiliar.ch/versicherungen-und-vorsorge/generalagenturen/ausserrhoden/jelena-vujic,Jelena Vujic,,,,,
https://www.mobiliar.ch/versicherungen-und-vorsorge/generalagenturen/ausserrhoden/astrid-haas-kalousek,Astrid Haas-Kalousek,,,,,
https://www.mobiliar.ch/versicherungen-und-vorsorge/generalagenturen/ausserrhoden/astrid-wick,Astrid Wick,,,,,
https://www.mobiliar.ch/versicherungen-und-vorsorge/generalagenturen/ausserrhoden/manon-christl-merz,Manon Christl-Merz,,,,,
https://www.mobiliar.ch/versicherungen-und-vorsorge/generalagenturen/ausserrhoden/raphael-von-allmen,Raphael von Allmen,,,,,
https://www.mobiliar.ch/versicherungen-und-vorsorge/generalagenturen/ausserrhoden/samira-tritten,Samira Tritten,,,,,
https://www.mobiliar.ch/versicherungen-und-vorsorge/generalagenturen/ausserrhoden/markus-keel,Markus Keel,,,,,
https://www.mobiliar.ch/die-mobiliar/ueber-uns/unternehmen-der-gruppe-mobiliar/schweizerische-mobiliar-asset-management-ag/organisation-schweizerische-mobiliar-asset-management-ag/gerhard-daeppen,Gerhard Däppen,,,,,
https://www.mobiliar.ch/die-mobiliar/ueber-uns/unternehmen-der-gruppe-mobiliar/schweizerische-mobiliar-asset-management-ag/organisation-schweizerische-mobiliar-asset-management-ag/beat-troehler,Beat Tröhler ,,,,,
https://www.mobiliar.ch/die-mobiliar/ueber-uns/unternehmen-der-gruppe-mobiliar/schweizerische-mobiliar-asset-management-ag/organisation-schweizerische-mobiliar-asset-management-ag/enea-ischi,Enea Ischi,,,,,
https://www.mobiliar.ch/versicherungen-und-vorsorge/generalagenturen/ausserrhoden/roman-thuer,Roman Thür,,,,,
https://www.mobiliar.ch/versicherungen-und-vorsorge/generalagenturen/ausserrhoden/stefan-waldburger,Stefan Waldburger,,,,,
https://www.mobiliar.ch/die-mobiliar/ueber-uns/unternehmen-der-gruppe-mobiliar/schweizerische-mobiliar-asset-management-ag/organisation-schweizerische-mobiliar-asset-management-ag/markus-wyss,Markus Wyss,,,,,
https://www.mobiliar.ch/versicherungen-und-vorsorge/generalagenturen/ausserrhoden/thomas-zellweger,Thomas Zellweger,,,,,
https://www.mobiliar.ch/die-mobiliar/ueber-uns/unternehmen-der-gruppe-mobiliar/schweizerische-mobiliar-asset-management-ag/organisation-schweizerische-mobiliar-asset-management-ag/marco-baehler,Marco Bähler,,,,,
https://www.mobiliar.ch/die-mobiliar/ueber-uns/unternehmen-der-gruppe-mobiliar/schweizerische-mobiliar-asset-management-ag/organisation-schweizerische-mobiliar-asset-management-ag/philippe-bonvin,Philippe Bonvin,,,,,
https://www.mobiliar.ch/die-mobiliar/ueber-uns/unternehmen-der-gruppe-mobiliar/schweizerische-mobiliar-asset-management-ag/organisation-schweizerische-mobiliar-asset-management-ag/daniel-mewes,Daniel Mewes,,,,,
https://www.mobiliar.ch/versicherungen-und-vorsorge/generalagenturen/ausserrhoden/christian-stetka,Christian Stetka,,,,,
https://www.mobiliar.ch/die-mobiliar/ueber-uns/unternehmensportraet/organisation/geschaeftsleitung/michael-christen,Michael Christen,,,,,
https://www.mobiliar.ch/versicherungen-und-vorsorge/generalagenturen/ausserrhoden/marco-tiefenthaler,Marco Tiefenthaler,,,,,
https://www.mobiliar.ch/versicherungen-und-vorsorge/generalagenturen/ausserrhoden/david-sigg,David Sigg,,,,,
https://www.mobiliar.ch/versicherungen-und-vorsorge/generalagenturen/ausserrhoden/andre-schuler,André Schuler,,,,,
https://www.mobiliar.ch/versicherungen-und-vorsorge/generalagenturen/ausserrhoden/aaron-schoch,Aaron Schoch,,,,,
https://www.mobiliar.ch/versicherungen-und-vorsorge/generalagenturen/ausserrhoden/christian-grob,Christian Grob,,,,,
https://www.mobiliar.ch/versicherungen-und-vorsorge/generalagenturen/ausserrhoden/robin-scherle,Robin Scherle,,,,,
https://www.mobiliar.ch/versicherungen-und-vorsorge/generalagenturen/ausserrhoden/jeremy-laube,Jeremy Laube,,,,,
https://www.mobiliar.ch/versicherungen-und-vorsorge/generalagenturen/ausserrhoden/fabian-hohl,Fabian Hohl,,,,,
https://www.mobiliar.ch/versicherungen-und-vorsorge/generalagenturen/ausserrhoden/andreas-erni,Andreas Erni,,,,,
https://www.mobiliar.ch/versicherungen-und-vorsorge/generalagenturen/ausserrhoden/stefan-engler,Stefan Engler,,,,,
https://www.mobiliar.ch/versicherungen-und-vorsorge/generalagenturen/ausserrhoden/ramon-buser,Ramon Buser,,,,,
https://www.mobiliar.ch/versicherungen-und-vorsorge/generalagenturen/ausserrhoden/remo-frischknecht,Remo Frischknecht,,,,,
https://www.mobiliar.ch/versicherungen-und-vorsorge/generalagenturen/ausserrhoden/urs-fiechter,Urs Fiechter,,,,,
https://www.mobiliar.ch/versicherungen-und-vorsorge/generalagenturen/ausserrhoden/adrian-kuenzli,Adrian Künzli,,,,,
https://www.mobiliar.ch/versicherungen-und-vorsorge/generalagenturen/ausserrhoden/rolf-buri,Rolf Buri,,,,,
https://www.mobiliar.ch/die-mobiliar/ueber-uns/sponsoring-und-events/sport/impressionen-pratteln-2022,Impressionen Pratteln 2022,,,,,
https://www.mobiliar.ch/die-mobiliar/ueber-uns/sponsoring-und-events/sport,Sport,,,,,
https://www.mobiliar.ch/versicherungen-und-vorsorge/generalagenturen/ausserrhoden/roland-lauper,Roland Lauper,,,,,
https://www.mobiliar.ch/die-mobiliar/ueber-uns/unternehmen-der-gruppe-mobiliar/mobiliar-asset-management/news-und-medienmitteilungen/investment-newsletter,Investment Newsletter,,,,,
https://www.mobiliar.ch/sites/default/files/stephan_jaeggi_-_schweizerische_mobiliar_lebensversicherungs-gesellschaft_ag.vcf,,,,,,
https://www.mobiliar.ch/die-mobiliar/karriere/arbeiten-bei-der-mobiliar/mikado/anmeldung-mikado,Anmeldung Mikado,,,,,
https://www.mobiliar.ch/versicherungen-und-vorsorge/angebote-fuer-unternehmen/unfall-und-krankheit,Unfall und Krankheit,,,,,
https://www.mobiliar.ch/versicherungen-und-vorsorge/generalagenturen/willisau-entlebuch,,,,,,
https://secure.mobiliar.ch/vvn-anliegen/unfall-protokoll?language=de,,,,,,
https://secure.mobiliar.ch/vvn-anliegen/wiederinkraftsetzung?language=de,,,,,,
https://www.mobiliar.ch/versicherungen-und-vorsorge/wohnen-und-eigentum/gebaeudeversicherung/offerte-gebaeudeversicherung,Offerte Gebäudeversicherung,,,,,
https://www.mobiliar.ch/versicherungen-und-vorsorge/angebote-fuer-unternehmen/berufliche-vorsorge,Berufliche Vorsorge,,,,,
https://my.mobiliar.ch/portal-rwc/mandates/request,,,,,,
https://www.mobiliar.ch/form/webform-de-46000,,,,,,
https://www.mobiliar.ch/versicherungen-und-vorsorge/vorsorge-und-gesundheit/unfall-und-krankheit/unfallversicherung-fuer-hausangestellte/praemienrechner,Prämienrechner Unfallversicherung gemäss UVG für Hausangestellte,,,,,
https://secure.mobiliar.ch/event/de/grundlagen,,,,,,
https://www.mobiliar.ch/versicherungen-und-vorsorge/generalagenturen/willisau-entlebuch/stefan-schaerli,Stefan Schärli,,,,,
https://www.mobiliar.ch/versicherungen-und-vorsorge/generalagenturen/willisau-entlebuch/luca-orsini,Luca Orsini,,,,,
https://www.mobiliar.ch/versicherungen-und-vorsorge/vorsorge-und-gesundheit/unsere-vorsorgeprodukte/auszahlungsplan/beratungsanfrage-auszahlungsplan,Beratungsanfrage Auszahlungsplan,,,,,
https://www.mobiliar.ch/versicherungen-und-vorsorge/generalagenturen/willisau-entlebuch/matthias-kurmann,Matthias Kurmann,,,,,
https://www.mobiliar.ch/versicherungen-und-vorsorge/generalagenturen/willisau-entlebuch/michael-aerne,Michael Aerne,,,,,
https://secure.mobiliar.ch/praemienrechner/car-fahrzeug,,,,,,
https://www.mobiliar.ch/versicherungen-und-vorsorge/vorsorge-und-gesundheit/unsere-vorsorgeprodukte/mobiliar-one-invest/beratungsanfrage-mobiliar-one-invest,Beratungsanfrage: Mobiliar One Invest,,,,,
https://www.mobiliar.ch/versicherungen-und-vorsorge/generalagenturen/willisau-entlebuch/samuel-vogel,Samuel Vogel,,,,,
https://www.mobiliar.ch/versicherungen-und-vorsorge/generalagenturen/willisau-entlebuch/rene-stalder,René Stalder,,,,,
https://www.mobiliar.ch/versicherungen-und-vorsorge/generalagenturen/willisau-entlebuch/luca-peter,Luca Peter,,,,,
https://www.mobiliar.ch/versicherungen-und-vorsorge/generalagenturen/willisau-entlebuch/rahel-mueller,Rahel Müller,,,,,
https://www.mobiliar.ch/versicherungen-und-vorsorge/generalagenturen/willisau-entlebuch/christian-mueller,Christian Müller,,,,,
https://www.mobiliar.ch/versicherungen-und-vorsorge/generalagenturen/willisau-entlebuch/lars-haefliger,Lars Häfliger,,,,,
https://www.mobiliar.ch/versicherungen-und-vorsorge/generalagenturen/willisau-entlebuch/bruno-peter,Bruno Peter,,,,,
https://www.mobiliar.ch/versicherungen-und-vorsorge/generalagenturen/willisau-entlebuch/esther-jordi,Esther Jordi,,,,,
https://secure.mobiliar.ch/vvn-anliegen/wiederinkraftsetzung,,,,,,
https://www.mobiliar.ch/versicherungen-und-vorsorge/generalagenturen/willisau-entlebuch/rita-romanelli,Rita Romanelli,,,,,
https://www.mobiliar.ch/versicherungen-und-vorsorge/generalagenturen/willisau-entlebuch/martin-heinzmann,Martin Heinzmann,,,,,
https://www.mobiliar.ch/versicherungen-und-vorsorge/generalagenturen/willisau-entlebuch/stefan-reichert,Stefan  Reichert,,,,,
https://www.mobiliar.ch/versicherungen-und-vorsorge/generalagenturen/willisau-entlebuch/daniela-kneubuehler,Daniela Kneubühler,,,,,
https://www.mobiliar.ch/versicherungen-und-vorsorge/generalagenturen/willisau-entlebuch/roger-galliker,Roger Galliker,,,,,
https://www.mobiliar.ch/versicherungen-und-vorsorge/generalagenturen/willisau-entlebuch/bastian-tschopp,Bastian Tschopp,,,,,
https://www.mobiliar.ch/versicherungen-und-vorsorge/generalagenturen/willisau-entlebuch/michelle-mueller,Michelle Müller,,,,,
https://www.mobiliar.ch/versicherungen-und-vorsorge/generalagenturen/willisau-entlebuch/pascal-kjaer,Pascal Kjaer,,,,,
https://www.mobiliar.ch/versicherungen-und-vorsorge/generalagenturen/willisau-entlebuch/eveline-duner,Eveline Duner,,,,,
https://www.mobiliar.ch/die-mobiliar/ueber-uns/geschaeftsbericht/download-center/geschaeftsbericht-bestellen,Kurzfassung bestellen,,,,,
https://www.mobiliar.ch/versicherungen-und-vorsorge/generalagenturen/willisau-entlebuch/caroline-baettig,Caroline Bättig,,,,,
https://www.mobiliar.ch/versicherungen-und-vorsorge/vorsorge-und-gesundheit/unsere-vorsorgeprodukte/fondsgebundene-sparversicherung-mit-einmaleinlage/beratungsanfrage-fondsgebundene-sparversicherung-mit-einmaleinlage,Beratungsanfrage: Fondsgebundene Sparversicherung mit Einmaleinlage,,,,,
https://www.mobiliar.ch/versicherungen-und-vorsorge/generalagenturen/willisau-entlebuch/karin-schnider,Karin Schnider,,,,,
https://www.mobiliar.ch/versicherungen-und-vorsorge/generalagenturen/willisau-entlebuch/stephan-studer,Stephan Studer,,,,,
https://www.mobiliar.ch/versicherungen-und-vorsorge/generalagenturen/willisau-entlebuch/lyenn-heller,Lyenn Heller,,,,,
https://www.mobiliar.ch/versicherungen-und-vorsorge/generalagenturen/willisau-entlebuch/david-wyss,David Wyss,,,,,
https://www.mobiliar.ch/versicherungen-und-vorsorge/generalagenturen/willisau-entlebuch/elena-meier,Elena Meier,,,,,
https://www.mobiliar.ch/versicherungen-und-vorsorge/alles-fuer-ihr-kmu/kmu-info,KMU Info,,,,,
https://www.mobiliar.ch/versicherungen-und-vorsorge/generalagenturen/willisau-entlebuch/nevio-mueller,Nevio Müller,,,,,
https://www.mobiliar.ch/versicherungen-und-vorsorge/generalagenturen/willisau-entlebuch/mark-buechli,Mark Büchli,,,,,
https://www.mobiliar.ch/versicherungen-und-vorsorge/generalagenturen/willisau-entlebuch/myriam-schaerli,Myriam Schärli,,,,,
https://www.mobiliar.ch/versicherungen-und-vorsorge/generalagenturen/willisau-entlebuch/yara-schnyder,Yara Schnyder,,,,,
https://www.mobiliar.ch/versicherungen-und-vorsorge/generalagenturen/willisau-entlebuch/manuela-steiger,Manuela Steiger ,,,,,
https://www.mobiliar.ch/versicherungen-und-vorsorge/generalagenturen/willisau-entlebuch/carmen-sager,Carmen  Sager,,,,,
https://www.mobiliar.ch/versicherungen-und-vorsorge/generalagenturen/willisau-entlebuch/andrea-ming,Andrea Ming,,,,,
https://www.mobiliar.ch/versicherungen-und-vorsorge/generalagenturen/willisau-entlebuch/jasmin-hunkeler,Jasmin Hunkeler,,,,,
https://www.mobiliar.ch/versicherungen-und-vorsorge/generalagenturen/willisau-entlebuch/desiree-acar,Désirée Acar,,,,,
https://www.mobiliar.ch/versicherungen-und-vorsorge/generalagenturen/willisau-entlebuch/barbara-ruckstuhl,Barbara Ruckstuhl,,,,,
https://www.mobiliar.ch/die-mobiliar/ueber-uns/unternehmen-der-gruppe-mobiliar/schweizerische-mobiliar-asset-management-ag/immobilien-der-mobiliar/referenzprojekte,Referenzobjekte,,,,,
https://www.mobiliar.ch/versicherungen-und-vorsorge/generalagenturen/willisau-entlebuch/selina-birrer,Selina Birrer,,,,,
https://www.mobiliar.ch/versicherungen-und-vorsorge/generalagenturen/willisau-entlebuch/urs-bucher,Urs Bucher,,,,,
https://www.mobiliar.ch/versicherungen-und-vorsorge/vorsorge-und-gesundheit/unsere-vorsorgeprodukte/kinderinvalidenrente/beratungsanfrage-personenversicherung,Beratungsanfrage Personenversicherung,,,,,
https://www.mobiliar.ch/die-mobiliar/ueber-uns/unternehmen-der-gruppe-mobiliar/schweizerische-mobiliar-asset-management-ag/immobilien-der-mobiliar/neubauprojekte,Neubauprojekte,,,,,
https://www.mobiliar.ch/versicherungen-und-vorsorge/generalagenturen/willisau-entlebuch/dieter-staffelbach,Dieter Staffelbach,,,,,
https://www.mobiliar.ch/versicherungen-und-vorsorge/generalagenturen/willisau-entlebuch/martina-kaufmann,Martina Kaufmann,,,,,
https://www.mobiliar.ch/versicherungen-und-vorsorge/generalagenturen/willisau-entlebuch/michael-loetscher,Michael Lötscher,,,,,
https://www.mobiliar.ch/versicherungen-und-vorsorge/angebote-fuer-unternehmen/vermoegen-absichern,Vermögen absichern,,,,,
https://www.mobiliar.ch/versicherungen-und-vorsorge/generalagenturen/willisau-entlebuch/pascal-zemp,Pascal Zemp,,,,,
https://www.mobiliar.ch/versicherungen-und-vorsorge/generalagenturen/willisau-entlebuch/toni-steiger,Toni Steiger,,,,,
https://www.mobiliar.ch/versicherungen-und-vorsorge/generalagenturen/willisau-entlebuch/marcel-albisser,Marcel Albisser,,,,,
https://www.mobiliar.ch/versicherungen-und-vorsorge/alles-fuer-ihr-kmu/kmu-info/ausgabe-november-2022,Ausgabe November 2022,,,,,
https://www.mobiliar.ch/versicherungen-und-vorsorge/angebote-fuer-unternehmen/bau-und-gebaeude,Bau und Gebäude,,,,,
https://www.mobiliar.ch/die-mobiliar/ueber-uns/unternehmen-der-gruppe-mobiliar/schweizerische-mobiliar-asset-management-ag/anlageloesungen-fuer-pensionskassen,Anlagelösungen für Pensionskassen,,,,,
https://www.mobiliar.ch/versicherungen-und-vorsorge/vorsorge-und-gesundheit/kontaktanfrage-fuer-eine-vorsorgeloesung,Kontaktanfrage für eine Vorsorgelösung,,,,,
https://www.mobiliar.ch/versicherungen-und-vorsorge/angebote-fuer-unternehmen/beratungsanfrage,Beratungsanfrage,,,,,
https://secure.mobiliar.ch/siecc-pannenhilfe/deu/phone-number,,,,,,
https://sales.cyber.mobiliar.ch/training/,,,,,,
https://secure.mobiliar.ch/cyber-companies/,,,,,,
https://www.mobiliar.ch/versicherungen-und-vorsorge/vorsorge-und-gesundheit/sparen-und-anlegen/beratungsanfrage-sparversicherung,Beratungsanfrage Sparversicherung,,,,,
https://www.mobiliar.ch/versicherungen-und-vorsorge/fahrzeuge-und-reisen/fuer-ihre-velos-die-fahrrad-kaskoversicherung/praemienrechner,Prämienrechner Fahrrad-Kaskoversicherung Privatpersonen,,,,,
https://secure.mobiliar.ch/vvn-anliegen/fahrzeugwechsel?language=de,,,,,,
https://secure.mobiliar.ch/aro-anliegen/premium-invoice-inquiries?language=de,,,,,,
https://secure.mobiliar.ch/aro-anliegen/contact?language=de,,,,,,
https://www.mobiliar.ch/versicherungen-und-vorsorge/fahrzeuge-und-reisen/autoversicherung/beratungsanfrage-autoversicherung,Beratungsanfrage Autoversicherung,,,,,
https://www.mobiliar.ch/versicherungen-und-vorsorge/angebote-fuer-unternehmen/die-eventversicherung/beratungsanfrage,Beratungsanfrage,,,,,
https://secure.mobiliar.ch/event/de,,,,,,
https://www.mobiliar.ch/versicherungen-und-vorsorge/angebote-fuer-unternehmen/bau-und-gebaeude/gebaeude-und-bauliche-anlagen/beratungsanfrage,Beratungsanfrage,,,,,
https://secure.mobiliar.ch/aro-anliegen/policy-adjustment?language=de,,,,,,
https://www.mobiliar.ch/versicherungen-und-vorsorge/angebote-fuer-unternehmen/kontakt-und-beratung,Kontakt und Beratung,,,,,
https://www.mobiliar.ch/versicherungen-und-vorsorge/angebote-fuer-unternehmen/kontakt-und-beratung?product=bvg,Kontakt und Beratung,,,,,
https://secure.mobiliar.ch/pdv-kundenanliegen/address,,,,,,
https://www.mobiliar.ch/versicherungen-und-vorsorge/fahrzeuge-und-reisen/verkehrs-rechtsschutz/beratungsanfrage-ver-kehrs-rechts-schutz,Beratungsanfrage Ver­kehrs-Rechts­schutz,,,,,
https://secure.mobiliar.ch/mcs-osm-b2c/public/,,,,,,
https://mp.mobiliar.ch/portal/?login&login=&languange=de,,,,,,
https://mp.mobiliar.ch/portal/?login&language=de,,,,,,
https://b2cidp.mobiliar.ch/b2c-login-registration/login?language=de,,,,,,
https://www.mobiliar.ch/versicherungen-und-vorsorge/vorsorge-und-gesundheit/unsere-vorsorgeprodukte/erwerbsunfaehigkeitsversicherung/beratungsanfrage-erwerbsunfaehigkeitsversicherung,Beratungsanfrage Erwerbsunfähigkeitsversicherung,,,,,
https://www.mobiliar.ch/versicherungen-und-vorsorge/vorsorge-und-gesundheit/unsere-vorsorgeprodukte/todesfallversicherung/beratungsanfrage-todesfallversicherung,Beratungsanfrage Todesfallversicherung,,,,,
https://www.mobiliar.ch/versicherungen-und-vorsorge/angebote-fuer-unternehmen/beratungsanfrage-wertrichtige-versicherungssumme,Beratungsanfrage wertrichtige Versicherungssumme,,,,,
https://www.mobiliar.ch/die-mobiliar/ueber-uns/unternehmen-der-gruppe-mobiliar/schweizerische-mobiliar-asset-management-ag/organisation-schweizerische-mobiliar-asset-management-ag/patrick-zaugg,Patrick Zaugg,,,,,
https://www.mobiliar.ch/die-mobiliar/ueber-uns/unternehmen-der-gruppe-mobiliar/schweizerische-mobiliar-asset-management-ag/organisation-schweizerische-mobiliar-asset-management-ag/mario-wittwer,Mario Wittwer ,,,,,
https://www.mobiliar.ch/versicherungen-und-vorsorge/vorsorge-und-gesundheit/ratgeber,Ratgeber,,,,,
https://www.mobiliar.ch/versicherungen-und-vorsorge/services,Services,,,,,
https://secure.mobiliar.ch/praemienrechner/tour-init?language=de,,,,,,
https://www.mobiliar.ch/versicherungen-und-vorsorge/wohnen-und-eigentum/tierversicherung/offertanfrage-haustierversicherung,Offertanfrage Haustierversicherung,,,,,
https://secure.mobiliar.ch/aro-anliegen/contact,,,,,,
https://mp.mobiliar.ch/portal/?login&language=it,,,,,,
https://mp.mobiliar.ch/portal/?login&language=fr,,,,,,
https://selfservice-extern.mobiliar.ch,,,,,,
https://secure.mobiliar.ch/praemienrechner/car-pw-init?language=de,,,,,,
https://www.handelszeitung.ch/beruf/liebe-mobiliar-ihr-gehort-zu-den-besten-677816,,,,,,
https://www.mobiliar.ch/versicherungen-und-vorsorge/generalagenturen?all,,,,,,
https://www.mobiliar.ch/die-mobiliar,die Mobiliar,,,,,
https://www.mobiliar.ch/versicherungen-und-vorsorge/wohnen-und-eigentum/wertsachenversicherung/beratungsanfrage-wertsachenversicherung,Beratungsanfrage Wertsachenversicherung,,,,,
https://www.mobiliar.ch/versicherungen-und-vorsorge/wohnen-und-eigentum/cyber-schutz-versicherung/praemienrechner,Prämienrechner Cyberversicherung Privatpersonen,,,,,
https://www.mobiliar.ch/versicherungen-und-vorsorge/wohnen-und-eigentum/tierversicherung/offertanfrage-haustierversicherung-katze?tier=Katze&versicherung=unfall_krankheit,Offertanfrage Haustierversicherung,,,,,
https://www.mobiliar.ch/versicherungen-und-vorsorge/wohnen-und-eigentum/tierversicherung/offertanfrage-haustierversicherung-hund?tier=Hund&versicherung=krankheit,Offertanfrage Haustierversicherung,,,,,
https://secure.mobiliar.ch/cml-hyp-b2c/calculator?language=de,,,,,,
https://secure.mobiliar.ch/praemienrechner/casa-init?bedarf=802752&language=de,,,,,,
https://standortcheck.mobiliar.ch/,,,,,,
https://www.mobiliar.ch/versicherungen-und-vorsorge/wohnen-und-eigentum/tierversicherung/offertanfrage-haustierversicherung-katze?tier=Katze&versicherung=krankheit,Offertanfrage Haustierversicherung,,,,,
https://secure.mobiliar.ch/praemienrechner/casa-init?language=de,,,,,,
https://www.mobiliar.ch/versicherungen-und-vorsorge/wohnen-und-eigentum/tierversicherung/offertanfrage-haustierversicherung-hund?tier=Hund&versicherung=unfall_krankheit,Offertanfrage Haustierversicherung,,,,,
https://standortcheck.mobiliar.ch/fr/,,,,,,
https://standortcheck.mobiliar.ch/de/,,,,,,
https://www.mobiliar.ch/die-mobiliar/medien/medienmitteilungen,Medienmitteilungen,,,,,
https://www.mobiliar.ch/die-mobiliar/medien/medienanfragen/medienkontakt,Medienkontakt,,,,,
https://www.mobiliar.ch/die-mobiliar/medien/medienmitteilungen/unwetter-von-anfang-woche-bereits-2300-schaeden-bei-der-mobiliar-gemeldet,Unwetter von Anfang Woche: Bereits 2300 Schäden bei der Mobiliar gemeldet ,,,,,
https://www.mobiliar.ch/die-mobiliar/medien/medienmitteilungen?page=1,Medienmitteilungen,,,,,
https://www.mobiliar.ch/die-mobiliar/medien/medienmitteilungen/sturm-in-la-chaux-de-fonds-bereits-ueber-400-schadenmeldungen-nach-wenigen-stunden,Sturm in La Chaux-de-Fonds: bereits über 1700 Schadenmeldungen nach wenigen Stunden,,,,,
https://www.mobiliar.ch/die-mobiliar/medien/medienmitteilungen?page=16,Medienmitteilungen,,,,,
https://www.mobiliar.ch/die-mobiliar/medien/medienmitteilungen?page=2,Medienmitteilungen,,,,,
https://www.mobiliar.ch/die-mobiliar/medien/medienmitteilungen?page=3,Medienmitteilungen,,,,,
https://www.mobiliar.ch/die-mobiliar/medien/medienmitteilungen?page=0,Medienmitteilungen,,,,,
https://www.mobiliar.ch/die-mobiliar/medien/medienanfragen/schmidt-duvoisin-isabelle,Isabelle Schmidt-Duvoisin,,,,,
https://www.mobiliar.ch/die-mobiliar/medien/medienanfragen/patrick-jecklin,Patrick Jecklin,,,,,
https://www.mobiliar.ch/die-mobiliar/medien/medienanfragen/irene-fischbach,Irene Fischbach,,,,,
https://www.mobiliar.ch/die-mobiliar/ueber-uns/unternehmensportraet/ueberschussfonds-der-mobiliar,,,,,,
https://www.mobiliar.ch/die-mobiliar/medien/medienmitteilungen?page=14,Medienmitteilungen,,,,,
https://www.mobiliar.ch/die-mobiliar/medien/medienmitteilungen?page=13,Medienmitteilungen,,,,,
https://www.mobiliar.ch/die-mobiliar/medien/medienmitteilungen/raiffeisen-and-la-mobiliere-to-form-strategic-partnership,Raiffeisen and la Mobilière to form strategic partnership,,,,,
https://www.mobiliar.ch/die-mobiliar/medien/medienmitteilungen?page=15,Medienmitteilungen,,,,,
https://www.mobiliar.ch/die-mobiliar/medien/medienmitteilungen?page=5,Medienmitteilungen,,,,,
https://www.mobiliar.ch/versicherungen-und-vorsorge/wohnen-und-eigentum/cyber-schutz-versicherung/praemienrechner?sq=cyber&sc=suggestion,Prämienrechner Cyberversicherung Privatpersonen,,,,,
https://www.mobiliar.ch/die-mobiliar/medien/medienmitteilungen?page=4,Medienmitteilungen,,,,,
https://www.mobiliar.ch/die-mobiliar/medien/medienmitteilungen/protekta-ist-neue-nummer-1-auf-dem-rechtsschutzmarkt,Protekta ist neue Nummer 1 auf dem Rechtsschutzmarkt,,,,,
https://www.mobiliar.ch/die-mobiliar/medien/medienmitteilungen/markus-hongler-und-paul-philipp-hug-neu-im-verwaltungsrat-der-mobiliar-genossenschaft,Markus Hongler und Paul Philipp Hug neu im Verwaltungsrat  der Mobiliar Genossenschaft,,,,,
https://www.mobiliar.ch/die-mobiliar/medien/medienmitteilungen/halbjahresergebnis-2010,Halbjahresergebnis 2010,,,,,
https://www.mobiliar.ch/die-mobiliar/medien/medienmitteilungen?page=7,Medienmitteilungen,,,,,
https://www.mobiliar.ch/die-mobiliar/medien/medienmitteilungen?page=6,Medienmitteilungen,,,,,
https://www.mobiliar.ch/die-mobiliar/medien/medienmitteilungen/versichern-ist-gut-praevention-ist-besser,Die Mobiliar unterstützt Hochwasserschutz in Melano ,,,,,
https://www.mobiliar.ch/die-mobiliar/medien/medienmitteilungen/markus-hongler-und-paul-philipp-hug-neu-im-verwaltungsrat-der-mobiliar-genossenschaft/galerie-markus-hongler-und-paul-philipp-hug-neu-im-verwaltungsrat-der-mobiliar-genossenschaft,Galerie: Markus Hongler und Paul Philipp Hug neu im Verwaltungsrat der Mobiliar Genossenschaft,,,,,
https://www.mobiliar.ch/die-mobiliar/medien/medienmitteilungen/ringier-und-die-mobiliar-intensivieren-ihre-partnerschaft/ringier-und-die-mobiliar-intensivieren-ihre-partnerschaft,Ringier und die Mobiliar intensivieren ihre Partnerschaft,,,,,
https://www.mobiliar.ch/die-mobiliar/medien/medienmitteilungen/andrea-rieger-wird-neue-leiterin-recht-und-compliance-bei-der-mobiliar/andrea-rieger-wird-neue-leiterin-recht-und-compliance-bei-der-mobiliar,Andrea Rieger wird neue Leiterin Recht & Compliance bei der Mobiliar,,,,,
https://www.mobiliar.ch/die-mobiliar/medien/medienmitteilungen?page=9,Medienmitteilungen,,,,,
https://www.mobiliar.ch/die-mobiliar/medien/medienmitteilungen/die-mobiliar-verkauft-ihre-helvetia-holding-aktien,Die Mobiliar verkauft ihre Helvetia Holding Aktien,,,,,
https://www.mobiliar.ch/die-mobiliar/medien/medienmitteilungen?page=11,Medienmitteilungen,,,,,
https://www.mobiliar.ch/die-mobiliar/medien/medienmitteilungen?page=10,Medienmitteilungen,,,,,
https://www.mobiliar.ch/die-mobiliar/medien/medienmitteilungen/die-mobiliar-auf-rang-1,Die Mobiliar auf Rang 1,,,,,
https://www.mobiliar.ch/die-mobiliar/medien/medienmitteilungen?page=8,Medienmitteilungen,,,,,
https://www.mobiliar.ch/extreme-hochwasser-was-kommt-auf-uns-zu,Extreme Hochwasser – Was kommt auf uns zu?,,,,,
https://www.mobiliar.ch/wie-funktioniert-die-neue-digitale-identitaet,Wie funktioniert die neue Digitale Identität? ,,,,,
https://www.mobiliar.ch/vernissage,Vernissage,,,,,
https://www.mobiliar.ch/die-mobiliar/ueber-uns/geschaeftsbericht-2018,Geschäftsbericht 2018,,,,,
https://www.mobiliar.ch/mobiliar-medienraum-einfuehrungsvideo,Mobiliar Medienraum: Einführungsvideo,,,,,
https://www.mobiliar.ch/die-mobiliar/ueber-uns/geschaeftsbericht-2018/jederzeit-auf-empfang,Jederzeit auf Empfang,,,,,
https://www.mobiliar.ch/die-mobiliar/ueber-uns/geschaeftsbericht-2018/kennzahlen/kennzahlen-gruppe,Kennzahlen Gruppe,,,,,
https://www.mobiliar.ch/die-mobiliar/ueber-uns/geschaeftsbericht-2018/nachhaltigkeitsbericht,Nachhaltigkeitsbericht,,,,,
https://www.mobiliar.ch/die-mobiliar/ueber-uns/geschaeftsbericht-2018/genossenschaft,Genossenschaft,,,,,
https://www.mobiliar.ch/die-mobiliar/ueber-uns/geschaeftsbericht-2018/corporate-governance,Corporate Governance,,,,,
https://www.mobiliar.ch/die-mobiliar/ueber-uns/geschaeftsbericht-2018/gruppe-mobiliar,Gruppe Mobiliar,,,,,
https://www.mobiliar.ch/die-mobiliar/ueber-uns/geschaeftsbericht-2018/kennzahlen,Kennzahlen,,,,,
https://www.mobiliar.ch/die-mobiliar/ueber-uns/geschaeftsbericht-2018/gruppe-mobiliar/strategie-und-ziele,Strategie und Ziele,,,,,
https://www.mobiliar.ch/die-mobiliar/ueber-uns/geschaeftsbericht-2018/nachhaltigkeitsbericht/praxisbeispiele,Praxisbeispiele,,,,,
https://www.mobiliar.ch/die-mobiliar/ueber-uns/geschaeftsbericht/genossenschaft/verwaltungsrat,Verwaltungsrat,,,,,
https://www.mobiliar.ch/die-mobiliar/medien/medienmitteilungen/sharoo-holt-mobility-an-bord,sharoo holt Mobility an Bord,,,,,
https://www.mobiliar.ch/die-mobiliar/medien/medienmitteilungen/die-mobiliar-unterstuetzt-hochwasserschutz-in-magden,Die Mobiliar unterstützt Hochwasserschutz in Magden,,,,,
https://www.mobiliar.ch/die-mobiliar/medien/medienmitteilungen/das-auto-des-nachbarn-fahren,Das Auto des Nachbarn fahren,,,,,
https://www.mobiliar.ch/die-mobiliar/medien/medienmitteilungen/die-mobiliar-unterstuetzt-okey-stiftung-fuer-das-kind-in-not,Die Mobiliar unterstützt OKey – Stiftung für das Kind in Not,,,,,
https://www.mobiliar.ch/die-mobiliar/engagement/kurzfilme-der-nueesch-sisters,Kurzfilme der Nüesch Sisters,,,,,
https://www.mobiliar.ch/die-mobiliar/medien/medienmitteilungen/jahresergebnis-2006,Jahresergebnis 2006,,,,,
https://www.mobiliar.ch/die-mobiliar/medien/medienmitteilungen?page=12,Medienmitteilungen,,,,,
https://www.mobiliar.ch/die-mobiliar/medien/medienmitteilungen/jahresergebnis-2007,Jahresergebnis 2007,,,,,
https://www.mobiliar.ch/die-mobiliar/medien/medienmitteilungen/jahresergebnis-2009,Jahresergebnis 2009,,,,,
https://www.mobiliar.ch/die-mobiliar/medien/medienmitteilungen/veraenderungen-an-der-unternehmensspitze-der-mobiliar/galerie-veraenderungen-an-der-unternehmensspitze-der-mobiliar,Galerie: Veränderungen an der Unternehmensspitze der Mobiliar,,,,,
https://www.mobiliar.ch/die-mobiliar/medien/medienmitteilungen/jahresergebnis-2008,Jahresergebnis 2008,,,,,
https://www.mobiliar.ch/die-mobiliar/medien/medienmitteilungen/die-mobiliar-gruendet-digitale-add-on-versicherung-im-ausland/bildergalerie-die-mobiliar-gruendet-digitale-add-on-versicherung-im-ausland,Bildergalerie: Die Mobiliar gründet digitale Add-on-Versicherung im Ausland,,,,,
https://www.mobiliar.ch/die-mobiliar/medien/medienmitteilungen/jahresergebnis-2010,Jahresergebnis 2010,,,,,
https://www.mobiliar.ch/die-mobiliar/medien/medienmitteilungen/halbjahresergebnis-2011,Halbjahresergebnis 2011,,,,,
https://www.mobiliar.ch/die-mobiliar/medien/medienmitteilungen/ausnahmezustand-auch-bei-mobi24,Ausnahmezustand – auch bei Mobi24,,,,,
https://secure.mobiliar.ch/gsv-anliegen/zoo,,,,,,
https://www.mobiliar.ch/die-mobiliar/medien/medienmitteilungen/jahresergebnis-2011,Jahresergebnis 2011,,,,,
https://www.mobiliar.ch/die-mobiliar/medien/medienmitteilungen/raiffeisen-und-die-mobiliar-vereinbaren-strategische-partnerschaft,Raiffeisen und die Mobiliar vereinbaren strategische Partnerschaft,,,,,
https://www.mobiliar.ch/die-mobiliar/medien/medienmitteilungen/die-mobiliar-hilft-unbuerokratisch-und-spendet-120-000-franken,Die Mobiliar hilft unbürokratisch und spendet 120’000 Franken.,,,,,
https://www.mobiliar.ch/die-mobiliar/medien/medienmitteilungen/veraenderungen-in-der-geschaeftsleitung-der-mobiliar/veraenderungen-in-der-geschaeftsleitung-der-mobiliar,Veränderungen in der Geschäftsleitung der Mobiliar,,,,,
https://www.mobiliar.ch/die-mobiliar/ueber-uns/unternehmen-der-gruppe-mobiliar,Unternehmen der Gruppe Mobiliar,,,,,
https://www.mobiliar.ch/versicherungen-und-vorsorge/generalagenturen/schaffhausen,,,,,,
https://www.mobiliar.ch/versicherungen-und-vorsorge/generalagenturen/schaffhausen/philipp-frueh,Philipp Früh,,,,,
https://www.mobiliar.ch/versicherungen-und-vorsorge/generalagenturen/schaffhausen/hanspeter-schmid,Hanspeter Schmid,,,,,
https://www.mobiliar.ch/versicherungen-und-vorsorge/generalagenturen/schaffhausen/gilbert-szabo,Gilbert Szabo,,,,,
https://www.mobiliar.ch/versicherungen-und-vorsorge/generalagenturen/schaffhausen/yves-kunz,Yves Kunz,,,,,
https://www.mobiliar.ch/versicherungen-und-vorsorge/generalagenturen/schaffhausen/urs-knuchel,Urs Knuchel,,,,,
https://www.mobiliar.ch/versicherungen-und-vorsorge/generalagenturen/schaffhausen/andreas-winzeler,Andreas Winzeler,,,,,
https://www.mobiliar.ch/versicherungen-und-vorsorge/generalagenturen/schaffhausen/stefan-rutishauser,Stefan Rutishauser,,,,,
https://www.mobiliar.ch/versicherungen-und-vorsorge/generalagenturen/schaffhausen/sascha-winiger,Sascha  Winiger,,,,,
https://www.mobiliar.ch/versicherungen-und-vorsorge/generalagenturen/schaffhausen/tobias-moeckli,Tobias Möckli,,,,,
https://www.mobiliar.ch/versicherungen-und-vorsorge/generalagenturen/schaffhausen/roger-manser,Roger Manser,,,,,
https://www.mobiliar.ch/versicherungen-und-vorsorge/generalagenturen/schaffhausen/brigita-turkalj,Brigita Turkalj,,,,,
https://www.mobiliar.ch/versicherungen-und-vorsorge/generalagenturen/schaffhausen/andrea-iseli,Andrea Iseli,,,,,
https://www.mobiliar.ch/versicherungen-und-vorsorge/generalagenturen/schaffhausen/maik-d-alonzo,Maik D'Alonzo,,,,,
https://www.mobiliar.ch/versicherungen-und-vorsorge/generalagenturen/schaffhausen/stefan-wipf,Stefan Wipf,,,,,
https://www.mobiliar.ch/versicherungen-und-vorsorge/generalagenturen/schaffhausen/gianni-calligaro,Gianni Calligaro,,,,,
https://www.mobiliar.ch/versicherungen-und-vorsorge/generalagenturen/schaffhausen/viktorie-jirat,Viktorie Jirat ,,,,,
https://www.mobiliar.ch/versicherungen-und-vorsorge/generalagenturen/schaffhausen/philipp-hakios,Philipp Hakios,,,,,
https://www.mobiliar.ch/versicherungen-und-vorsorge/generalagenturen/schaffhausen/yasmina-schuetz,Yasmina Schütz,,,,,
https://www.mobiliar.ch/versicherungen-und-vorsorge/generalagenturen/schaffhausen/laura-meister,Laura Meister,,,,,
https://www.mobiliar.ch/versicherungen-und-vorsorge/generalagenturen/schaffhausen/jadranka-buehrer,Jadranka Bührer,,,,,
https://www.mobiliar.ch/versicherungen-und-vorsorge/generalagenturen/schaffhausen/rinor-alija,Rinor Alija,,,,,
https://www.mobiliar.ch/versicherungen-und-vorsorge/generalagenturen/schaffhausen/aline-keller,Aline Keller,,,,,
https://www.mobiliar.ch/versicherungen-und-vorsorge/generalagenturen/schaffhausen/laura-kusanic,Laura Kusanic,,,,,
https://www.mobiliar.ch/versicherungen-und-vorsorge/generalagenturen/schaffhausen/tanja-kyburz,Tanja Kyburz,,,,,
https://www.mobiliar.ch/versicherungen-und-vorsorge/generalagenturen/schaffhausen/jan-barth,Jan Barth,,,,,
https://www.mobiliar.ch/versicherungen-und-vorsorge/generalagenturen/schaffhausen/christina-schwendener,Christina Schwendener,,,,,
https://www.mobiliar.ch/versicherungen-und-vorsorge/generalagenturen/schaffhausen/diana-schlatter,Diana Schlatter,,,,,
https://www.mobiliar.ch/versicherungen-und-vorsorge/generalagenturen/schaffhausen/viviane-vich,Viviane Vich,,,,,
https://www.mobiliar.ch/versicherungen-und-vorsorge/generalagenturen/schaffhausen/jacqueline-rueegg,Jacqueline  Rüegg ,,,,,
https://www.mobiliar.ch/versicherungen-und-vorsorge/generalagenturen/schaffhausen/chantal-bollinger,Chantal Bollinger,,,,,
https://www.mobiliar.ch/versicherungen-und-vorsorge/generalagenturen/schaffhausen/linda-gysel,Linda Gysel,,,,,
https://www.mobiliar.ch/versicherungen-und-vorsorge/generalagenturen/schaffhausen/miriam-huebscher,Miriam Hübscher,,,,,
https://www.mobiliar.ch/versicherungen-und-vorsorge/generalagenturen/schaffhausen/jasmin-vonesch,Jasmin Vonesch,,,,,
https://www.mobiliar.ch/versicherungen-und-vorsorge/generalagenturen/schaffhausen/maro-perovic,Maro Perovic,,,,,
https://www.mobiliar.ch/versicherungen-und-vorsorge/generalagenturen/schaffhausen/tim-leu,Tim Leu,,,,,
https://www.mobiliar.ch/versicherungen-und-vorsorge/generalagenturen/schaffhausen/melisa-saipi,Melisa Saipi,,,,,
https://www.mobiliar.ch/versicherungen-und-vorsorge/generalagenturen/schaffhausen/levin-szabo,Levin Szabo,,,,,
https://www.mobiliar.ch/versicherungen-und-vorsorge/generalagenturen/schaffhausen/elyesa-simsek,Elyesa Simsek,,,,,
https://www.mobiliar.ch/die-mobiliar/ueber-uns/sponsoring-und-events,Sponsoring und Events,,,,,
https://www.mobiliar.ch/die-mobiliar/ueber-uns/minderheitsbeteiligungen-und-kooperationspartner,Minderheitsbeteiligungen und Kooperationspartner,,,,,
https://www.mobiliar.ch/hub/wohnen/kosten/umbauen-mit-kleinem-budget,,,,,,
https://www.mobiliar.ch/hub/wohnen/inspiration/neue-kueche,,,,,,
https://www.mobiliar.ch/hub/wohnen/planung/umbau-planen-anleitung,,,,,,
https://www.mobiliar.ch/hub/wohnen/kosten,,,,,,
https://www.mobiliar.ch/hub/wohnen/unser-haus,,,,,,
https://www.mobiliar.ch/hub/wohnen/umbau,,,,,,
https://www.mobiliar.ch/hub/wohnen/planung,,,,,,
https://www.mobiliar.ch/hub/wohnen/inspiration,,,,,,
https://www.mobiliar.ch/hub/wohnen/ratgeberartikel,,,,,,
https://www.mobiliar.ch/hub/wohnen/videoartikel,,,,,,
https://www.mobiliar.ch/hub/wohnen/unser-haus/unser-haus-making-of,,,,,,
https://www.mobiliar.ch/hub/wohnen/unserhaus/grosses-finale-in-fulenbach,,,,,,
